id,person_id,name,dob,address,email
r001,p001,Hector Iqbal,1990-08-24,27 Thistle Rd,hector.iqbal@example.com
r002,p002,Thaddeus Delacroix,1966-11-03,96 Garnet Rd,thaddeus.delacroix@example.com
r003,p003,Nadia Blackwood,1974-07-28,91 Moorgate Rd,nadia.blackwood@example.com
r004,p004,Idris Yamamoto,1966-03-18,79 Kestrel Rd,idris.yamamoto@example.com
r005,p005,Callum Halvorsen,2001-03-09,27 Corvid Rd,callum.halvorsen@example.com
r006,p006,Elena Zielinski,1975-05-26,5 Kiln Rd,elena.zielinski@example.com
r007,p007,Delia Ulyanov,1966-06-03,5 Linden Rd,delia.ulyanov@example.com
r008,p008,Wilhelmina Eriksen,1991-06-07,64 Kestrel Rd,wilhelmina.eriksen@example.com
r009,p009,Daniel Achebe,2000-03-06,22 Pennine Rd,daniel.achebe@example.com
r010,p010,Cormac Vasquez,1990-05-27,96 Kestrel Rd,cormac.vasquez@example.com
r011,p011,Yusuf Aldridge,2000-09-03,79 Drover Rd,yusuf.aldridge@example.com
r012,p012,Marcus Castellano,1989-09-06,91 Larch Rd,marcus.castellano@example.com
r013,p013,Morwenna Wickham,1974-03-23,33 Larch Rd,morwenna.wickham@example.com
r014,p014,Ursula Halvorsen,1968-08-27,96 Juniper Rd,ursula.halvorsen@example.com
r015,p015,Emrys Achebe,1972-07-10,47 Ferndale Rd,emrys.achebe@example.com
r016,p016,Morwenna Grimaldi,1978-04-23,58 Kiln Rd,morwenna.grimaldi@example.com
r017,p017,Dahlia Aldridge,1992-07-22,27 Marlow Rd,dahlia.aldridge@example.com
r018,p018,Freya Adeyemi,1978-06-13,79 Juniper Rd,freya.adeyemi@example.com
r019,p019,Priya Sandoval,1990-09-06,96 Orchard Rd,priya.sandoval@example.com
r020,p020,Ravenna Okonkwo,2000-08-22,64 Bellweather Rd,ravenna.okonkwo@example.com
r021,p021,Nadia Lindqvist,1969-04-17,47 Marlow Rd,nadia.lindqvist@example.com
r022,p022,Simone Achebe,1975-10-28,96 Moorgate Rd,simone.achebe@example.com
r023,p023,Rowan Yamamoto,1958-02-16,41 Hollybank Rd,rowan.yamamoto@example.com
r024,p024,Emrys Wickham,1969-01-16,3 Kestrel Rd,emrys.wickham@example.com
r025,p025,Xavier Brennan,1979-03-24,91 Marlow Rd,xavier.brennan@example.com
r026,p026,Imani Blackwood,1974-09-25,3 Cinder Rd,imani.blackwood@example.com
r027,p027,Jonathan Marchetti,1968-04-12,58 Ashcombe Rd,jonathan.marchetti@example.com
r028,p028,Harriet Kowalski,1961-08-16,79 Thistle Rd,harriet.kowalski@example.com
r029,p029,Amelia Adeyemi,1983-06-05,14 Netherby Rd,amelia.adeyemi@example.com
r030,p030,Ravenna Oyelaran,2001-02-18,33 Marlow Rd,ravenna.oyelaran@example.com
r031,p031,Ursula Adeyemi,1996-07-18,91 Ashcombe Rd,ursula.adeyemi@example.com
r032,p032,Kathryn Rasmussen,1965-11-06,22 Ironside Rd,kathryn.rasmussen@example.com
r033,p033,Oliver Voss,1990-07-03,22 Linden Rd,oliver.voss@example.com
r034,p034,Rowan Okonkwo,1980-06-04,79 Kiln Rd,rowan.okonkwo@example.com
r035,p035,Idris Thackeray,1974-09-23,47 Moorgate Rd,idris.thackeray@example.com
r036,p036,Rosalind Marchetti,1989-04-03,41 Kestrel Rd,rosalind.marchetti@example.com
r037,p037,Emrys Pemberton,1973-11-15,3 Fallow Rd,emrys.pemberton@example.com
r038,p038,Dahlia Rasmussen,1967-08-28,22 Quarry Rd,dahlia.rasmussen@example.com
r039,p039,Bernard Whitfield,1958-04-26,41 Pennine Rd,bernard.whitfield@example.com
r040,p040,Priya Delacroix,1993-04-23,3 Bellweather Rd,priya.delacroix@example.com
r041,p041,Zachary Whitfield,2001-07-26,58 Corvid Rd,zachary.whitfield@example.com
r042,p042,Anselm Bhatt,1975-08-19,14 Larch Rd,anselm.bhatt@example.com
r043,p043,Yolanda Zielinski,1975-01-26,79 Ferndale Rd,yolanda.zielinski@example.com
r044,p044,Daniel Novak,1974-12-18,79 Alder Rd,daniel.novak@example.com
r045,p045,Emrys Voss,1988-05-04,22 Bellweather Rd,emrys.voss@example.com
r046,p046,Marcus Vasquez,1959-02-13,22 Corvid Rd,marcus.vasquez@example.com
r047,p047,Ottoline Muller,1981-09-10,47 Quarry Rd,ottoline.muller@example.com
r048,p048,Riley Quintero,1958-01-28,9 Fallow Rd,riley.quintero@example.com
r049,p049,Gideon Ulyanov,1997-05-23,5 Elmsworth Rd,gideon.ulyanov@example.com
r050,p050,Xavier Bhatt,1982-01-11,91 Bridge Rd,xavier.bhatt@example.com
r051,p051,Peregrine Muller,1970-11-22,14 Cinder Rd,peregrine.muller@example.com
r052,p052,Bernard Aldridge,1998-05-18,91 Pilgrim Rd,bernard.aldridge@example.com
r053,p053,Rowan Duarte,2002-08-05,58 Bridge Rd,rowan.duarte@example.com
r054,p054,Fenella Bhatt,1956-06-20,47 Kestrel Rd,fenella.bhatt@example.com
r055,p055,Ursula Pemberton,1987-08-11,47 Thistle Rd,ursula.pemberton@example.com
r056,p056,Ottoline Voss,1958-08-10,3 Ferndale Rd,ottoline.voss@example.com
r057,p057,Beatrix Quintero,1984-04-13,27 Orchard Rd,beatrix.quintero@example.com
r058,p058,Daniel Voss,1991-12-18,27 Juniper Rd,daniel.voss@example.com
r059,p059,Freya Muller,1956-06-03,96 Elmsworth Rd,freya.muller@example.com
r060,p060,Tobias Rasmussen,1999-05-20,88 Larch Rd,tobias.rasmussen@example.com
r061,p061,Cormac Yamamoto,2001-01-28,47 Ironside Rd,cormac.yamamoto@example.com
r062,p062,Rosalind Nakamura,1991-11-09,41 Sable Rd,rosalind.nakamura@example.com
r063,p063,Thaddeus Thackeray,1969-09-23,58 Elmsworth Rd,thaddeus.thackeray@example.com
r064,p064,Zachary Achebe,1978-04-04,72 Ashcombe Rd,zachary.achebe@example.com
r065,p065,Wilhelmina Muller,1978-05-20,47 Hollybank Rd,wilhelmina.muller@example.com
r066,p066,Riley Ulyanov,1957-08-08,5 Kestrel Rd,riley.ulyanov@example.com
r067,p067,Jocasta Nakamura,1960-07-27,3 Corvid Rd,jocasta.nakamura@example.com
r068,p068,Nadia Carrington,2002-05-10,27 Sable Rd,nadia.carrington@example.com
r069,p069,Hector Chen,1998-08-06,79 Harrow Rd,hector.chen@example.com
r070,p070,Ottoline Zielinski,1986-05-09,72 Thistle Rd,ottoline.zielinski@example.com
r071,p071,Martha Farrell,1966-03-08,88 Alder Rd,martha.farrell@example.com
r072,p072,Oliver Castellano,1974-08-18,41 Kiln Rd,oliver.castellano@example.com
r073,p073,Imani Marchetti,1976-12-11,33 Pennine Rd,imani.marchetti@example.com
r074,p074,Oliver Wickham,1966-04-16,58 Orchard Rd,oliver.wickham@example.com
r075,p075,Rowan Achebe,1964-11-10,33 Pilgrim Rd,rowan.achebe@example.com
r076,p076,Jocasta Bhatt,1961-01-04,72 Garnet Rd,jocasta.bhatt@example.com
r077,p077,Wilhelmina Adeyemi,2000-01-21,22 Ashcombe Rd,wilhelmina.adeyemi@example.com
r078,p078,Emrys Thackeray,1990-03-05,64 Linden Rd,emrys.thackeray@example.com
r079,p079,Quintin Blackwood,2002-01-25,3 Thistle Rd,quintin.blackwood@example.com
r080,p080,Ursula Kalinowski,1971-09-06,22 Fallow Rd,ursula.kalinowski@example.com
r081,p081,Marcus Blackwood,1955-12-28,27 Netherby Rd,marcus.blackwood@example.com
r082,p082,Jonathan Aldridge,1969-05-13,88 Elmsworth Rd,jonathan.aldridge@example.com
r083,p083,Zachary Bhatt,1959-07-17,41 Fallow Rd,zachary.bhatt@example.com
r084,p084,Quintin Thackeray,1994-01-03,47 Elmsworth Rd,quintin.thackeray@example.com
r085,p085,Yolanda Novak,1993-06-16,14 Pennine Rd,yolanda.novak@example.com
r086,p086,Yolanda Adeyemi,1960-07-02,22 Kestrel Rd,yolanda.adeyemi@example.com
r087,p087,Morwenna Voss,1971-12-18,3 Larch Rd,morwenna.voss@example.com
r088,p088,Priya Duarte,1979-07-20,96 Netherby Rd,priya.duarte@example.com
r089,p089,Idris Zielinski,1990-02-11,9 Bridge Rd,idris.zielinski@example.com
r090,p090,Marcus Wickham,1978-01-19,91 Juniper Rd,marcus.wickham@example.com
r091,p091,Yolanda Esposito,1960-03-17,33 Harrow Rd,yolanda.esposito@example.com
r092,p092,Gideon Esposito,1967-04-26,96 Bellweather Rd,gideon.esposito@example.com
r093,p093,Zachary Brennan,1975-04-14,3 Linden Rd,zachary.brennan@example.com
r094,p094,Elena Halvorsen,1991-11-18,72 Kiln Rd,elena.halvorsen@example.com
r095,p095,Hector Marchetti,1959-01-10,72 Pennine Rd,hector.marchetti@example.com
r096,p096,Peregrine Carrington,1989-04-23,5 Bellweather Rd,peregrine.carrington@example.com
r097,p097,Cormac Rasmussen,1992-06-26,79 Cinder Rd,cormac.rasmussen@example.com
r098,p098,Ursula Vasquez,1968-06-24,47 Alder Rd,ursula.vasquez@example.com
r099,p099,Yusuf Oyelaran,1968-03-16,88 Kestrel Rd,yusuf.oyelaran@example.com
r100,p100,Emrys Duarte,1960-05-25,79 Pennine Rd,emrys.duarte@example.com
r101,p101,Zachary Chen,1968-05-06,22 Thistle Rd,zachary.chen@example.com
r102,p102,Daniel Castellano,1988-09-25,9 Pilgrim Rd,daniel.castellano@example.com
r103,p103,Beatrix Pemberton,1977-11-20,72 Pilgrim Rd,beatrix.pemberton@example.com
r104,p104,Cormac Castellano,1966-12-19,72 Moorgate Rd,cormac.castellano@example.com
r105,p105,Rosalind Whitfield,1997-05-28,9 Ashcombe Rd,rosalind.whitfield@example.com
r106,p106,Verity Esposito,1971-10-05,41 Elmsworth Rd,verity.esposito@example.com
r107,p107,Delia Eriksen,1970-08-03,33 Hollybank Rd,delia.eriksen@example.com
r108,p108,Hector Quintero,1963-08-06,96 Corvid Rd,hector.quintero@example.com
r109,p109,Riley Oyelaran,1998-05-27,91 Kestrel Rd,riley.oyelaran@example.com
r110,p110,Dahlia Marchetti,1970-10-02,64 Juniper Rd,dahlia.marchetti@example.com
r111,p111,Callum Pemberton,1971-08-17,47 Bridge Rd,callum.pemberton@example.com
r112,p112,Martha Blackwood,1968-08-20,72 Netherby Rd,martha.blackwood@example.com
r113,p113,Morwenna Esposito,1959-06-17,14 Elmsworth Rd,morwenna.esposito@example.com
r114,p114,Ignatius Castellano,1969-10-27,41 Ashcombe Rd,ignatius.castellano@example.com
r115,p115,Oliver Iqbal,1967-05-05,9 Thistle Rd,oliver.iqbal@example.com
r116,p116,Daniel Blackwood,1967-03-24,96 Ironside Rd,daniel.blackwood@example.com
r117,p117,Nathaniel Yamamoto,1971-12-26,96 Pilgrim Rd,nathaniel.yamamoto@example.com
r118,p118,Ignatius Kowalski,2002-08-26,72 Hollybank Rd,ignatius.kowalski@example.com
r119,p119,Sabine Carrington,1995-10-18,5 Bridge Rd,sabine.carrington@example.com
r120,p120,Rosalind Blackwood,1967-10-08,14 Ashcombe Rd,rosalind.blackwood@example.com
r121,p121,Oliver Lindqvist,1989-09-07,41 Moorgate Rd,oliver.lindqvist@example.com
r122,p122,Oliver Chen,1978-11-04,14 Marlow Rd,oliver.chen@example.com
r123,p123,Freya Eriksen,1974-08-16,14 Kiln Rd,freya.eriksen@example.com
r124,p124,Elena Nakamura,1982-11-07,33 Orchard Rd,elena.nakamura@example.com
r125,p125,Gideon Zielinski,1965-11-21,91 Ironside Rd,gideon.zielinski@example.com
r126,p126,Fenella Vasquez,1979-07-09,58 Kestrel Rd,fenella.vasquez@example.com
r127,p127,Peregrine Castellano,1991-05-19,79 Bridge Rd,peregrine.castellano@example.com
r128,p128,Cormac Jankowski,1993-07-06,79 Elmsworth Rd,cormac.jankowski@example.com
r129,p129,Ignatius Nakamura,1980-09-07,5 Thistle Rd,ignatius.nakamura@example.com
r130,p130,Thaddeus Marchetti,1990-02-16,9 Drover Rd,thaddeus.marchetti@example.com
r131,p131,Marcus Muller,2001-01-19,41 Netherby Rd,marcus.muller@example.com
r132,p132,Zachary Farrell,1991-09-12,5 Ashcombe Rd,zachary.farrell@example.com
r133,p133,Imani Quintero,1955-01-03,64 Drover Rd,imani.quintero@example.com
r134,p134,Morwenna Castellano,1995-08-17,91 Pennine Rd,morwenna.castellano@example.com
r135,p135,Thaddeus Iqbal,1972-11-04,88 Linden Rd,thaddeus.iqbal@example.com
r136,p136,Peregrine Bhatt,1998-02-08,3 Ashcombe Rd,peregrine.bhatt@example.com
r137,p137,Callum Voss,1967-04-04,72 Linden Rd,callum.voss@example.com
r138,p138,Hector Farrell,1973-12-08,96 Larch Rd,hector.farrell@example.com
r139,p139,Morwenna Blackwood,1955-12-04,41 Alder Rd,morwenna.blackwood@example.com
r140,p140,Delia Quintero,1988-08-13,3 Pennine Rd,delia.quintero@example.com
r141,p141,Dahlia Sandoval,1994-05-11,3 Alder Rd,dahlia.sandoval@example.com
r142,p142,Jonathan Chen,1967-10-01,58 Alder Rd,jonathan.chen@example.com
r143,p143,Jonathan Kalinowski,1998-10-19,91 Fallow Rd,jonathan.kalinowski@example.com
r144,p144,Daniel Delacroix,1996-02-12,91 Thistle Rd,daniel.delacroix@example.com
r145,p145,Anselm Kowalski,1992-01-21,9 Garnet Rd,anselm.kowalski@example.com
r146,p146,Yolanda Sandoval,1990-11-07,14 Ironside Rd,yolanda.sandoval@example.com
r147,p147,Freya Fitzgerald,1987-02-06,64 Garnet Rd,freya.fitzgerald@example.com
r148,p148,Zachary Lindqvist,1959-07-21,5 Harrow Rd,zachary.lindqvist@example.com
r149,p149,Beatrix Thackeray,1987-12-19,33 Cinder Rd,beatrix.thackeray@example.com
r150,p150,Imani Nakamura,1969-12-07,91 Bellweather Rd,imani.nakamura@example.com
r151,p151,Sabine Aldridge,1956-05-25,5 Orchard Rd,sabine.aldridge@example.com
r152,p152,Dahlia Delacroix,1961-11-20,5 Juniper Rd,dahlia.delacroix@example.com
r153,p153,Martha Whitfield,1991-11-21,72 Drover Rd,martha.whitfield@example.com
r154,p154,Ravenna Nakamura,1965-10-06,14 Ferndale Rd,ravenna.nakamura@example.com
r155,p155,Wilhelmina Jankowski,1985-06-19,47 Drover Rd,wilhelmina.jankowski@example.com
r156,p156,Martha Kalinowski,2001-06-21,64 Elmsworth Rd,martha.kalinowski@example.com
r157,p157,Kathryn Bhatt,1983-09-17,47 Bellweather Rd,kathryn.bhatt@example.com
r158,p158,Xavier Muller,1983-05-15,9 Juniper Rd,xavier.muller@example.com
r159,p159,Wilhelmina Farrell,1980-05-09,41 Marlow Rd,wilhelmina.farrell@example.com
r160,p160,Martha Jankowski,1978-06-03,91 Elmsworth Rd,martha.jankowski@example.com
r161,p161,Rosalind Oyelaran,1967-08-25,5 Netherby Rd,rosalind.oyelaran@example.com
r162,p162,Marcus Adeyemi,1968-01-24,88 Kiln Rd,marcus.adeyemi@example.com
r163,p163,Zachary Zielinski,1993-06-19,88 Juniper Rd,zachary.zielinski@example.com
r164,p164,Hector Thackeray,1956-05-12,96 Sable Rd,hector.thackeray@example.com
r165,p165,Nathaniel Ulyanov,1956-08-11,22 Cinder Rd,nathaniel.ulyanov@example.com
r166,p166,Marcus Eriksen,1963-12-10,5 Ferndale Rd,marcus.eriksen@example.com
r167,p167,Marcus Whitfield,1983-11-25,47 Kiln Rd,marcus.whitfield@example.com
r168,p168,Marcus Okonkwo,1970-08-09,58 Netherby Rd,marcus.okonkwo@example.com
r169,p169,Tobias Lindqvist,1955-10-28,47 Harrow Rd,tobias.lindqvist@example.com
r170,p170,Kester Fitzgerald,1973-03-20,96 Marlow Rd,kester.fitzgerald@example.com
r171,p171,Lysander Adeyemi,1966-11-18,96 Hollybank Rd,lysander.adeyemi@example.com
r172,p172,Lucia Esposito,2000-12-16,22 Hollybank Rd,lucia.esposito@example.com
r173,p173,Ottoline Eriksen,1975-10-28,14 Juniper Rd,ottoline.eriksen@example.com
r174,p174,Callum Novak,1988-09-02,88 Cinder Rd,callum.novak@example.com
r175,p175,Kester Novak,1966-11-07,5 Corvid Rd,kester.novak@example.com
r176,p176,Bernard Eriksen,1986-04-23,33 Ironside Rd,bernard.eriksen@example.com
r177,p177,Kester Ulyanov,1964-02-10,96 Bridge Rd,kester.ulyanov@example.com
r178,p178,Oliver Thackeray,1984-09-28,5 Pennine Rd,oliver.thackeray@example.com
r179,p179,Lucia Thackeray,1981-09-28,3 Bridge Rd,lucia.thackeray@example.com
r180,p180,Marcus Carrington,1978-09-04,14 Fallow Rd,marcus.carrington@example.com
r181,p181,Gideon Duarte,1964-11-14,72 Ironside Rd,gideon.duarte@example.com
r182,p182,Xavier Quintero,1964-12-12,41 Juniper Rd,xavier.quintero@example.com
r183,p183,Ursula Carrington,2001-09-11,14 Orchard Rd,ursula.carrington@example.com
r184,p184,Dahlia Jankowski,1957-03-25,79 Orchard Rd,dahlia.jankowski@example.com
r185,p185,Yusuf Yamamoto,1981-07-04,3 Sable Rd,yusuf.yamamoto@example.com
r186,p186,Simone Lindqvist,1987-04-12,79 Ashcombe Rd,simone.lindqvist@example.com
r187,p187,Kester Whitfield,1964-10-11,91 Sable Rd,kester.whitfield@example.com
r188,p188,Quintin Rasmussen,1996-08-20,14 Pilgrim Rd,quintin.rasmussen@example.com
r189,p189,Fenella Rasmussen,1965-06-10,33 Juniper Rd,fenella.rasmussen@example.com
r190,p190,Priya Marchetti,1974-07-20,58 Ferndale Rd,priya.marchetti@example.com
r191,p191,Jonathan Novak,1977-04-07,14 Hollybank Rd,jonathan.novak@example.com
r192,p192,Lucia Kowalski,1971-07-03,41 Larch Rd,lucia.kowalski@example.com
r193,p193,Freya Thackeray,1989-08-27,91 Drover Rd,freya.thackeray@example.com
r194,p194,Daniel Quintero,1959-10-08,79 Bellweather Rd,daniel.quintero@example.com
r195,p195,Zachary Kalinowski,1997-11-09,27 Cinder Rd,zachary.kalinowski@example.com
r196,p196,Lysander Achebe,1988-09-09,22 Garnet Rd,lysander.achebe@example.com
r197,p197,Dahlia Pemberton,1968-01-20,41 Orchard Rd,dahlia.pemberton@example.com
r198,p198,Peregrine Adeyemi,1978-05-02,79 Hollybank Rd,peregrine.adeyemi@example.com
r199,p199,Freya Voss,1968-04-18,27 Kestrel Rd,freya.voss@example.com
r200,p200,Riley Zielinski,1975-05-17,58 Garnet Rd,riley.zielinski@example.com
r201,p159,Mina Farrell,1980-05-09,41 Marlow Rd,mfarrell@example.com
r202,p155,Wilhelmina Jankowski,1985-06-19,47 Drover Road,w.jankowski@example.net
r203,p167,Marcus Voss-Farrell,1983-11-25,47 Kiln Rd,marcus_voss.farrell@example.com
r204,p129,Ignatius Nakamura,1980-07-09,5 Thistle Rd,inakamura@example.com
r205,p177,Kester Ulyanov,1964-02-10,96 Bridge Rd,k.ulyanov@example.net
r206,p090,Marc Wickham,1978-01-19,91 Juniper Rd,marc_wickham@example.com
r207,p107,Delia Eriksen,1970-08-03,33 Hollybank Road,deriksen@example.com
r208,p018,Freya Bhatt-Lindqvist,1978-06-13,79 Juniper Rd,f.bhatt.lindqvist@example.net
r209,p038,Dahlia Rasmussen,1967-08-28,22 Quarry Rd,dahlia_rasmussen@example.com
r210,p058,Daniel Voss,1991-12-18,27 Juniper Rd,dvoss@example.com
r211,p021,Nad Lindqvist,1969-04-17,47 Marlow Rd,n.lindqvist@example.net
r212,p130,Thaddeus Marchetti,1990-02-16,9 Drover Road,thaddeus_marchetti@example.com
r213,p156,Martha Kalinowski-Brennan,2001-06-21,64 Elmsworth Rd,mkalinowski.brennan@example.com
r214,p064,Zachary Achebe,1978-04-04,72 Ashcombe Rd,z.achebe@example.net
r215,p063,Thaddeus Thackeray,1969-09-23,58 Elmsworth Rd,thaddeus_thackeray@example.com
r216,p039,Bernie Whitfield,1958-04-26,41 Pennine Rd,bwhitfield@example.com
r217,p017,Dahlia Aldridge,1992-07-22,27 Marlow Road,d.aldridge@example.net
r218,p074,Oliver Wickham-Muller,1966-04-16,58 Orchard Rd,oliver_wickham.muller@example.com
r219,p103,Beatrix Pemberton,1977-11-20,72 Pilgrim Rd,bpemberton@example.com
r220,p112,Martha Blackwood,1968-08-20,72 Netherby Rd,m.blackwood@example.net
r221,p144,Dan Delacroix,1996-02-12,91 Thistle Rd,dan_delacroix@example.com
r222,p151,Sabine Aldridge,1956-05-25,5 Orchard Road,saldridge@example.com
r223,p115,Oliver Iqbal-Okonkwo,1967-05-05,9 Thistle Rd,o.iqbal.okonkwo@example.net
r224,p086,Yolanda Adeyemi,1960-02-07,22 Kestrel Rd,yolanda_adeyemi@example.com
r225,p082,Jonathan Aldridge,1969-05-13,88 Elmsworth Rd,jaldridge@example.com
r226,p083,Zach Bhatt,1959-07-17,41 Fallow Rd,z.bhatt@example.net
r227,p108,Hector Quintero,1963-08-06,96 Corvid Road,hector_quintero@example.com
r228,p061,Cormac Bhatt-Lindqvist,2001-01-28,47 Ironside Rd,cbhatt.lindqvist@example.com
r229,p025,Xavier Brennan,1979-03-24,91 Marlow Rd,x.brennan@example.net
r230,p170,Kester Fitzgerald,1973-03-20,96 Marlow Rd,kester_fitzgerald@example.com
r231,p181,Gid Duarte,1964-11-14,72 Ironside Rd,gduarte@example.com
r232,p198,Peregrine Adeyemi,1978-05-02,79 Hollybank Road,p.adeyemi@example.net
r233,p029,Amelia Adeyemi-Achebe,1983-06-05,14 Netherby Rd,amelia_adeyemi.achebe@example.com
r234,p134,Morwenna Castellano,1995-08-17,91 Pennine Rd,mcastellano@example.com
r235,p169,Tobias Lindqvist,1955-10-28,47 Harrow Rd,t.lindqvist@example.net
r236,p008,Mina Eriksen,1991-06-07,64 Kestrel Rd,mina_eriksen@example.com
r237,p056,Ottoline Voss,1958-08-10,3 Ferndale Road,ovoss@example.com
r238,p085,Yolanda Novak-Bhatt,1993-06-16,14 Pennine Rd,y.novak.bhatt@example.net
r239,p047,Ottoline Muller,1981-10-09,47 Quarry Rd,ottoline_muller@example.com
r240,p193,Freya Thackeray,1989-08-27,91 Drover Rd,fthackeray@example.com
r241,p078,Emr Thackeray,1990-03-05,64 Linden Rd,e.thackeray@example.net
r242,p015,Emrys Achebe,1972-07-10,47 Ferndale Road,emrys_achebe@example.com
r243,p024,Emrys Wickham-Ulyanov,1969-01-16,3 Kestrel Rd,ewickham.ulyanov@example.com
r244,p080,Ursula Kalinowski,1971-06-09,22 Fallow Rd,u.kalinowski@example.net
r245,p118,Ignatius Kowalski,2002-08-26,72 Hollybank Rd,ignatius_kowalski@example.com
r246,p160,Mattie Jankowski,1978-06-03,91 Elmsworth Rd,mjankowski@example.com
r247,p076,Jocasta Bhatt,1961-01-04,72 Garnet Road,j.bhatt@example.net
r248,p132,Zachary Bhatt-Lindqvist,1991-09-12,5 Ashcombe Rd,zachary_bhatt.lindqvist@example.com
r249,p007,Delia Ulyanov,1966-03-06,5 Linden Rd,dulyanov@example.com
r250,p135,Thaddeus Iqbal,1972-11-04,88 Linden Rd,t.iqbal@example.net
r251,p070,Ott Zielinski,1986-05-09,72 Thistle Rd,ott_zielinski@example.com
r252,p003,Nadia Blackwood,1974-07-28,91 Moorgate Road,nblackwood@example.com
r253,p189,Fenella Rasmussen-Achebe,1965-06-10,33 Juniper Rd,f.rasmussen.achebe@example.net
r254,p164,Hector Thackeray,1956-12-05,96 Sable Rd,hector_thackeray@example.com
r255,p154,Ravenna Nakamura,1965-10-06,14 Ferndale Rd,rnakamura@example.com
r256,p199,Fre Voss,1968-04-18,27 Kestrel Rd,f.voss@example.net
r257,p121,Oliver Lindqvist,1989-09-07,41 Moorgate Road,oliver_lindqvist@example.com
r258,p153,Martha Whitfield-Esposito,1991-11-21,72 Drover Rd,mwhitfield.esposito@example.com
r259,p052,Bernard Aldridge,1998-05-18,91 Pilgrim Rd,b.aldridge@example.net
r260,p123,Freya Eriksen,1974-08-16,14 Kiln Rd,freya_eriksen@example.com
r261,p201,Emrys Halvorsen,1968-11-18,72 Kiln Rd,e.halvorsen@example.net
r262,p202,Yolanda Aldridge,1970-09-03,79 Drover Rd,y.aldridge@example.net
r263,p203,Priya Castellano,1969-05-19,79 Bridge Rd,p.castellano@example.net
r264,p204,Delia Novak,1942-12-18,79 Alder Rd,d.novak@example.net
r265,p205,Kathryn Blackwood,1925-12-04,41 Alder Rd,k.blackwood@example.net
r266,p206,Yolanda Oyelaran,1937-03-16,88 Kestrel Rd,y.oyelaran@example.net
r267,p207,Thaddeus Rasmussen,1971-05-20,88 Larch Rd,t.rasmussen@example.net
r268,p208,Rowan Oyelaran,1933-08-25,5 Netherby Rd,r.oyelaran@example.net
r269,p209,Riley Whitfield,1974-05-28,9 Ashcombe Rd,r.whitfield@example.net
r270,p210,Cormac Pemberton,1938-08-17,47 Bridge Rd,c.pemberton@example.net
r271,p211,Elena Voss,1961-05-04,22 Bellweather Rd,e.voss@example.net
r272,p212,Peregrine Delacroix,1971-04-23,3 Bellweather Rd,p.delacroix@example.net
r273,p213,Ursule Adeyemi,1996-07-18,91 Ashcombe Rd,ursule.adeyemi@example.com
r274,p214,Rowae Achebe,1964-11-10,33 Pilgrim Rd,rowae.achebe@example.com
r275,p215,Marcue Muller,2001-01-19,41 Netherby Rd,marcue.muller@example.com
r276,p216,Wilhelmine Adeyemi,2000-01-21,22 Ashcombe Rd,wilhelmine.adeyemi@example.com
r277,p217,Daniee Blackwood,1967-03-24,96 Ironside Rd,daniee.blackwood@example.com
r278,p218,Emrye Pemberton,1973-11-15,3 Fallow Rd,emrye.pemberton@example.com
r279,p219,Kathryn Rasmussen,1997-03-24,3 Drover Rd,kathryn_rasmussen@example.com
r280,p220,Peregrine Muller,1986-10-04,9 Marlow Rd,peregrine_muller@example.com
r281,p221,Idris Zielinski,1998-01-17,58 Pennine Rd,idris_zielinski@example.com
r282,p222,Dahlia Pemberton,1957-07-08,14 Bellweather Rd,dahlia_pemberton@example.com
r283,p223,Kester Whitfield,1997-08-12,72 Marlow Rd,kester_whitfield@example.com
r284,p224,Ravenna Oyelaran,1979-04-18,9 Moorgate Rd,ravenna_oyelaran@example.com
r285,p225,Marcus Castellano,2001-12-16,27 Kiln Rd,marcus_castellano@example.com
r286,p226,Anselm Kowalski,1971-08-05,27 Drover Rd,anselm_kowalski@example.com
r287,p227,Jonathan Marchetti,1985-08-27,91 Harrow Rd,jonathan_marchetti@example.com
r288,p228,Imani Marchetti,1991-03-05,91 Corvid Rd,imani_marchetti@example.com
